rank,race_number,name,category,tt_pos_in_category,fastest_time,fastest_seconds
1,52,Jay Kenward,Open,1,02:06.900,126.9
2,108,Indiana McFarlane,Groms,1,02:13.960,133.96
3,18,Henry Bisping,Open,2,02:14.280,134.28
4,75,Daniel Turner,Open,3,02:14.377,134.377
5,123,Alexis Matton,Open,4,02:14.693,134.693
6,40,Jeffrey Gamon,Open,5,02:21.097,141.097
7,137,Henry Dunn,Open,6,02:22.730,142.73
8,50,Joel Jones,Open,7,02:24.310,144.31
9,64,Samuel OConnell,Open,8,02:25.213,145.213
10,135,Matthieu Grenette,Open,9,02:26.727,146.727
11,67,Quirine Posno,Open,10,02:27.053,147.053
12,68,Thorkild Rasmussen,Open,11,02:27.533,147.533
13,81,Paul Webb,Open,12,02:30.630,150.63
14,69,Gerard Rincón,Open,13,02:32.107,152.107
15,141,Camil Després,Open,14,02:33.123,153.123
16,61,Zack McFarlane,Open,15,02:33.683,153.683
17,99,Sep De Booser,Groms,2,02:34.400,154.4
18,49,Jacob Jones,Open,16,02:34.657,154.657
19,129,Radim Klaška,Open,17,02:36.927,156.927
20,51,Charles Kelly,Open,18,02:39.693,159.693
21,70,Fabio Santos Costa,Open,19,02:40.417,160.417
22,63,Harley Moss,Open,20,02:41.490,161.49
23,72,Nico Stuart,Open,21,02:42.853,162.853
24,102,Noah Gamon,Groms,3,02:43.457,163.457
25,125,Darren Stevenson,Open,22,02:43.967,163.967
26,32,Sergio Espinosa,Open,23,02:46.483,166.483
27,5,James Grant,Open,24,02:46.940,166.94
28,130,Max Lee,Open,25,02:48.333,168.333
29,121,Matthieu Cauchois,Open,26,02:48.373,168.373
30,58,Louis Lovelace,Open,27,02:49.883,169.883
31,66,James Pitcher,Open,28,02:51.193,171.193
32,110,Zak Moss,Groms,4,02:51.197,171.197
33,13,Jonas Andersen,Open,29,02:51.777,171.777
34,144,Joshua Billinghurst,Groms,5,02:52.563,172.563
35,38,Adam Freeman,Open,30,02:53.843,173.843
36,97,Matthew Coningsby,Groms,6,02:53.847,173.847
37,65,Thomas Pieters,Open,31,02:54.777,174.777
38,9,Kate Paxton,Open,32,02:54.867,174.867
39,4,Martin Dinnage,Open,33,02:55.037,175.037
40,86,Chantelle Warner-Wells,Women,1,02:55.477,175.477
41,6,Jorge Jimenez,Open,34,02:56.870,176.87
42,59,Tomáš Mach,Open,35,02:56.897,176.897
43,73,Andy Thompson,Open,36,02:57.707,177.707
44,82,Travis Wilson,Open,37,02:57.810,177.81
45,122,Leo Chatenet,Open,38,02:58.063,178.063
46,14,Thomas Astbury,Open,39,02:58.927,178.927
47,57,Patrick Lopez,Open,40,03:00.133,180.133
48,27,Maarten De Booser,Open,41,03:00.577,180.577
49,77,Lars Vloemans,Open,42,03:01.177,181.177
50,71,Wayne Stewart,Open,43,03:01.527,181.527
51,96,Daniel Coningsby,Groms,7,03:01.607,181.607
52,107,Josiah Jones,Groms,8,03:03.177,183.177
53,10,Eduardo Queralto,Open,44,03:03.597,183.597
54,111,Miles Musgrave,Groms,9,03:03.953,183.953
55,60,Luke Massey,Open,45,03:05.357,185.357
56,29,Lennart Duijn,Open,46,03:05.410,185.41
57,35,Xavier Fichou,Open,47,03:05.493,185.493
58,44,Valdis Gutmanis,Open,48,03:06.470,186.47
59,140,Anthony Ybarra,Open,49,03:06.583,186.583
60,138,Dustin Refazo,Open,50,03:08.543,188.543
61,8,Nick Oppenheimer,Open,51,03:08.977,188.977
62,37,James Frampton,Open,52,03:14.690,194.69
63,128,Mark Fowler,Open,53,03:15.177,195.177
64,132,Isaac Walton,Groms,10,03:16.770,196.77
65,30,Matthew Eaton,Open,54,03:18.533,198.533
66,16,Duncan Beattie,Open,55,03:19.453,199.453
67,91,Jay Bucci,Groms,11,03:21.613,201.613
68,124,George Ellwood,Open,56,03:21.720,201.72
69,2,Mark Coningsby,Open,57,03:22.827,202.827
70,136,Joe Smith,Open,58,03:23.063,203.063
71,33,David Farries,Open,59,03:23.250,203.25
72,53,Andy Lakin,Open,60,03:24.403,204.403
73,34,Paul Fear,Open,61,03:25.307,205.307
74,127,Jelle Keizer,Open,62,03:26.320,206.32
75,46,Dave Hughes,Open,63,03:28.853,208.853
76,80,Chris Wallace,Open,64,03:31.370,211.37
77,26,Marcin Cugier,Open,65,03:31.967,211.967
78,41,Paul Gould,Open,66,03:32.230,212.23
79,47,Mark Hughes,Open,67,03:33.393,213.393
80,142,David Whiston,Open,68,03:34.480,214.48
81,25,Max Cramer,Open,69,03:34.830,214.83
82,21,Alex Campbell,Open,70,03:39.257,219.257
83,39,Jack Freeman,Open,71,03:39.660,219.66
84,42,Seth Gould,Open,72,03:43.417,223.417
85,78,Tom Vloemans,Open,73,03:45.007,225.007
86,106,Harry Hughes,Groms,12,03:47.130,227.13
87,23,Neil Collins,Open,74,03:48.273,228.273
88,1,Gary Bucci,Open,75,03:51.317,231.317
89,62,Ben Moore,Open,76,03:53.443,233.443
90,117,Lilly-May Wallis,Groms,13,03:56.127,236.127
91,134,Nick Bornt,Open,77,03:58.920,238.92
92,83,Anna Carson,Women,2,03:59.023,239.023
93,15,Adrian Aston,Open,78,03:59.417,239.417
94,85,Mollie Stuart,Women,3,04:00.323,240.323
95,74,Jonathan Tims,Open,79,04:01.743,241.743
96,116,Ted Slater-Penny,Groms,14,04:02.273,242.273
97,31,Gary Elford,Open,80,04:07.180,247.18
98,20,Jason Bright,Open,81,04:09.013,249.013
99,114,Ruby Queralto,Groms,15,04:19.537,259.537
100,133,Lia Rhae,Open,82,04:21.813,261.813
101,56,Martin Longley,Open,83,04:22.153,262.153
102,28,Chris Downham,Open,84,04:29.650,269.65
103,11,James Allen,Open,85,04:30.197,270.197
104,22,Edward Cheel,Open,86,04:47.367,287.367
105,48,Jack Huntley,Open,87,04:49.663,289.663
106,119,Coby Webb,Groms,16,05:05.257,305.257
107,84,Joy Jarvis,Women,4,05:25.347,325.347
108,120,Willow Wilson,Groms,17,05:45.160,345.16
109,105,Nikko Gutmanis,Groms,18,06:48.183,408.183
110,104,Naomi Gutmane,Groms,19,08:20.690,500.69
111,100,Stanley Downham,Groms,20,09:00.650,540.65
112,54,Paul Lambert,Open,88,14:22.360,862.36
